{
  "doc_id": "invoice_001",
  "fields": {
    "dealer_name": "ABC Tractors",
    "model_name": "Mahindra 575 DI",
    "horse_power": 50,
    "asset_cost": 525000,
    "signature": {
      "present": true,
      "bbox": [
        100,
        400,
        300,
        480
      ]
    },
    "stamp": {
      "present": true,
      "bbox": [
        350,
        380,
        520,
        520
      ]
    }
  },
  "confidence": 0.999,
  "processing_time_sec": 46.02,
  "cost_estimate_usd": 0.002
}